id;created;date;email
1;2023-12-04T09:56:10;2023-12-04T09:59:17;Austin.Schinner@hotmail.com
2;2023-12-03T17:23:18;2023-12-03T19:49:18;Alejandra.Haley@gmail.com
3;2023-12-04T03:27:59;2023-12-04T01:50:40;Vergie.Wunsch@hotmail.com
4;2023-12-03T17:33:16;2023-12-04T07:35:57;Vincent_Dickinson89@gmail.com
5;2023-12-04T04:17:20;2023-12-03T14:59:46;Emilia.Torphy27@yahoo.com
6;2023-12-04T08:18:36;2023-12-03T15:11:34;Jadyn73@yahoo.com
7;2023-12-03T19:58:46;2023-12-04T10:44:45;Christelle.Emmerich30@hotmail.com
8;2023-12-03T16:53:20;2023-12-03T14:34:14;Alec.Turner21@gmail.com
9;2023-12-03T21:19:14;2023-12-03T21:04:50;Meghan87@gmail.com
10;2023-12-04T03:38:49;2023-12-03T16:41:15;Allen26@hotmail.com
